ReviewID,CustomerID,ProductID,ReviewText,ReviewDate
1,486,267,So impressed by the quality. This product truly delivers.,5/12/2024
2,810,246,I'm very happy with the performance. It does exactly what I need.,3/7/2024
3,855,291,I regret buying this. The quality is terrible and it stopped working within a week.,11/15/2023
4,524,235,"It serves its purpose, but it's not anything extraordinary.",5/27/2024
5,238,220,Very high-quality product. I would buy it again without hesitation.,9/10/2023
6,578,263,It's neither great nor terrible. It's just okay.,4/14/2024
7,181,261,Everything about this product is great! It works as advertised and more.,12/23/2023
8,262,215,This is the worst product I've bought in a long time. It doesn't do what it's supposed to.,12/16/2023
9,362,222,I've had nothing but problems with this product. It's not reliable.,9/21/2023
10,563,204,Perfect product for my needs! I can't imagine using anything else now.,7/20/2023
